{"data_time": 0.0014100358821451664, "eta_seconds": 38594.29039703449, "fast_rcnn/cls_accuracy": 1.0, "iteration": 19, "loss_box_reg": 0.0, "loss_cls": 0.0005678893066942692, "loss_mask": 0.0, "loss_rpn_cls": 0.40417586266994476, "loss_rpn_loc": 0.35935159027576447, "lr": 4.99525e-06, "roi_head/num_bg_samples": 2.0, "roi_head/num_fg_samples": 0.0, "rpn/num_neg_anchors": 128.0, "rpn/num_pos_anchors": 128.0, "time": 0.6434526575030759, "total_loss": 1.0694589018821716}
{"data_time": 0.0015064809704199433, "fast_rcnn/cls_accuracy": 1.0, "iteration": 32, "loss_box_reg": 0.0, "loss_cls": 0.016359043773263693, "loss_mask": 0.0, "loss_rpn_cls": 0.19945157319307327, "loss_rpn_loc": 0.3149005174636841, "lr": 8.242e-06, "roi_head/num_bg_samples": 2.0, "roi_head/num_fg_samples": 0.0, "rpn/num_neg_anchors": 128.0, "rpn/num_pos_anchors": 128.0, "time": 0.6568362059770152, "total_loss": 0.5570311574265361}
{"eta_seconds": 39392.50473852223, "iteration": 33}
